Rank,Country,City,Population Estimate,Built-up Land Area (Miles),Built-up Land Area (Kilometers),Urban Population Density (Per Square Mile),Urban Population Density (Per Square Kilometer),
1,Japan,Tokyo-Yokohama,"37,732,000","3,178","8,231","11,873","4,584",1
2,Indonesia,Jakarta,"33,756,000",1369,"3,546","24,657","9,521",1
3,India,"Delhi, DL-UP-HR","32,226,000",905,"2,344","35,609","13,749",1
4,China,"Guangzhou-Foshan, GD","26,940,000",1751,"4,535","15,385","5,941",2
5,India,"Mumbai, MH","24,973,000",377,976,"66,241","25,577",1
6,Philippines,Manila,"24,922,000",738,"1,911","33,770","13,039",1
7,China,"Shanghai, SHG-JS-ZJ","24,073,000",1673,"4,333","14,389","5,556",2
8,Brazil,Sao Paulo,"23,086,000","1,409","3,649","16,385","6,326",1
9,South Korea,Seoul-Incheon,"23,016,000",1069,"2,769","21,530","8,313",1
10,Mexico,Mexico City,"21,804,000",977,"2,530","22,317","8,617",1
11,United States,"New York, NY-NJ-CT","21,509,000",4669,"12,093","4,607","1,779",2
12,Egypt,Cairo,"20,296,000",776,"2,010","26,155",10099,1
13,Bangladesh,Dhaka,"18,627,000",239,619,"77,937","30,093",1
14,China,"Beijing, BJ-HEB","18,522,000",1654,"4,284","11,198","4,324",2
15,India,"Kolkata, WB","18,502,000",522,"1,352","35,444","13,686",1
16,Thailand,Bangkok,"18,007,000",1235,"3,199","14,581",5630,1
17,China,"Shenzhen, GD","17,619,000",696,"1,803","25,315","9,774",2
18,Russia,Moscow,"17,332,000",2376,"6,154","7,295","2,817",1
19,Argentina,Buenos Aires,"16,710,000","1,327","3,437",12592,"4,862",1
20,Nigeria,Lagos,"16,637,000",759,"1,966","21,920",8464,1
21,Turkey,Istanbul,"16,079,000",568,"1,471","28,308",10930,1
22,Pakistan,Karachi,"15,738,000",434,"1,124","36,263","14,002",1
23,India,"Bangalore, KA","15,386,000",541,"1,401","28,440","10,981",1
24,United States,"Los Angeles, CA","15,204,000","2,452","6,351","6,201","2,394",2
25,Viet Nam,Ho Chi Minh City,"15,136,000",836,"2,165","18,105","6,991",1
26,Japan,Osaka-Kobe-Kyoto,"15,126,000","1,166","3,020","12,973","5,009",1
27,China,"Chengdu, SC","14,645,000",747,"1,935","19,605","7,570",2
28,South Africa,Johannesburg-Pretoria,"14,586,000","1,560","4,040","9,350","3,610",1
29,Iran,Tehran,"14,148,000",658,"1,704","21,502","8,302",1
30,Congo (Dem. Rep.),Kinshasa,"12,836,000",183,474,"70,142","27,083",2
31,Brazil,Rio de Janeiro,"12,592,000",780,"2,020","16,144","6,233",1
32,India,"Chennai, TN","12,395,000",419,"1,085","29,582","11,422",1
33,China,"Xi'an, SAA","12,328,000",705,"1,826","17,487","6,752",2
34,Pakistan,Lahore,"12,306,000",365,945,"33,715","13,018",1
35,China,"Chongqing, CQ","12,135,000",610,"1,580","19,893","7,681",2
36,United Kingdom,London,"11,262,000",671,"1,738","16,784","6,481",2
37,France,Paris,"11,060,000","1,102","2,853","10,040","3,877",1
38,China,"Zhengzhou, HEN","10,959,000",689,"1,785","15,906","6,141",2
39,China,"Dongguan, GD","10,646,000",679,"1,759","15,679","6,054",2
40,India,"Hyderabad, TL","10,494,000",542,"1,404","19,362","7,476",1
41,China,"Tianjin, TJ","10,368,000","1,086","2,813","9,547","3,686",2
42,Peru,Lima,"10,320,000",344,891,"30,000","11,583",1
43,China,"Wuhan, HUB","10,251,000",665,"1,722","15,415","5,952",2
44,Colombia,Bogota,"10,085,000",217,562,"46,475","17,945",1
45,China,"Hangzhou, ZJ","9,523,000",519,"1,344","18,349","7,085",2
46,Japan,Nagoya,"9,197,000","1,430","3,704","6,431","2,483",1
47,China: Taiwan,Taipei,"9,079,000",409,"1,059","22,198","8,571",1
48,United States,"Chicago, IL-IN-WI","9,057,000","2,705","7,006","3,348","1,293",2
49,Angola,Luanda,"9,051,000",388,"1,005","23,327","9,007",1
50,Malaysia,Kuala Lumpur,"8,911,000",835,"2,163","10,672","4,121",1
51,China,"Nanjing, JS","8,422,000",623,"1,614","13,518","5,220",2
52,India,"Pune, MH","8,231,000",251,650,"32,793","12,662",1
53,India,"Ahmadabad, GJ","8,009,000",156,404,"51,340","19,823",1
54,China,"Shenyang-Fushun, LN","7,964,000",599,"1,551","13,295","5,134",2
55,Tanzania,Dar es Salaam,"7,962,000",371,961,"21,461","8,286",
56,Sudan,Khartoum,"7,869,000",398,"1,031","19,771","7,634",
57,United States,"Washington-Baltimore, DC-VA-MD","7,631,000","2,124","5,501","3,593","1,387",2
58,Viet Nam,Hanoi,"7,547,000",372,963,"20,288","7,833",1
59,Indonesia,Bandung,"7,512,000",188,487,"39,957","15,428",1
60,China: Hong Kong SAR,Hong Kong,"7,450,000",112,290,"66,518","25,684",2
61,United States,"Boston-Providence, MA-RI-NH-CT-ME","7,437,000","3,683","9,539","2,019",780,2
62,Saudi Arabia,Riyadh,"7,237,000",646,"1,673","11,203","4,326",1
63,Chile,Santiago,"7,171,000",443,"1,147","16,187","6,250",1
64,Nigeria,Onitsha,"7,022,000",750,"1,942","9,363","3,615",1
65,Indonesia,Surabaya,"6,998,000",352,912,"19,881","7,676",1
66,United States,"Dallas-Fort Worth, TX","6,950,000","2,038","5,278","3,410","1,317",2
67,Myanmar,Yangon,"6,874,000",257,666,"26,747","10,327",1
68,Canada,"Toronto, ON","6,771,000",905,"2,344","7,482","2,889",1
69,China,"Quanzhou, FJ","6,676,000",868,"2,248","7,691","2,970",2
70,Kenya,Nairobi,"6,599,000",329,852,"20,058","7,745",1
71,India,"Surat, GJ","6,538,000",92,238,"71,065","27,439",1
72,United States,"Houston, TX","6,500,000","1,904","4,931","3,414","1,318",2
73,United Arab Emirates,Dubai,"6,404,000",582,"1,507","11,003","4,249",1
74,United States,"San Francisco-San Jose, CA","6,331,000","1,109","2,872","5,709","2,204",2
75,Germany,Essen-Dusseldorf,"6,237,000","1,036","2,683","6,020","2,325",1
76,China,"Qingdao, SD","6,229,000",679,"1,759","9,174","3,542",2
77,Spain,Madrid,"6,211,000",527,"1,365","11,786","4,551",1
78,Iraq,Baghdad,"6,183,000",268,694,"23,071","8,908",1
79,United States,"Miami, FL","6,058,000","1,279","3,313","4,737","1,829",2
80,China,"Suzhou, JS","6,031,000",535,"1,386","11,273","4,353",2
81,Singapore,Singapore,"5,983,000",202,523,"29,619","11,436",1
82,Ethiopia,Addis Ababa,"5,889,000",240,622,"24,538","9,474",1
83,United States,"Philadelphia, PA-NJ-DE-MD","5,799,000","2,096","5,429","2,767","1,068",2
84,Mexico,Monterrey,"5,683,000",346,896,"16,425","6,342",1
85,Mexico,Guadalajara,"5,525,000",315,816,"17,540","6,772",1
86,Italy,Milan,"5,488,000",859,"2,225","6,389","2,467",1
87,United States,"Atlanta, GA","5,478,000","2,857","7,400","1,917",740,2
88,Russia,St. Petersburg,"5,445,000",583,"1,510","9,340","3,606",1
89,Ghana,Accra,"5,431,000",472,"1,222","11,506","4,443",1
90,Cote d'Ivoire,Abidjan,"5,417,000",145,376,"37,359","14,425",1
91,Uganda,Kampala,"5,407,000",298,772,"18,144","7,006",1
92,Turkey,Ankara,"5,389,000",259,671,"20,807","8,034",1
93,Brazil,Belo Horizonte,"5,328,000",497,"1,287","10,720","4,139",1
94,China,"Xiamen, FJ","5,201,000",276,715,"18,844","7,276",2
95,Afghanistan,Kabul,"5,151,000",105,272,"49,057","18,942",1
96,China,"Changsha, HUN","5,014,000",291,754,"17,230","6,653",2
97,China,"Hefei, AH","5,001,000",345,894,"14,496","5,597",2
98,China,"Kunming, YN","4,946,000",330,855,"14,988","5,787",2
99,India,"Lucknow, UP","4,870,000",149,386,"32,685","12,620",1
100,Nigeria,Kano,"4,817,000",126,326,"38,230","14,761",1
101,Spain,Barcelona,"4,800,000",414,"1,072","11,594","4,477",1
102,Australia,"Melbourne, VIC","4,721,000","1,044","2,704","4,522","1,746",2
103,Egypt,Alexandria,"4,712,000",113,293,"41,699","16,101",1
103,Australia,"Sydney, NSW","4,712,000",841,"2,178","5,603","2,163",2
105,Pakistan,Rawalpindi-Islamabad,"4,702,000",298,772,"15,779","6,092",1
106,China,"Taiyuan, SAX","4,688,000",342,886,"13,708","5,293",2
107,Jordan,Amman,"4,677,000",330,855,"14,173","5,472",1
108,Cameroon,Yaounde,"4,603,000",88,228,"52,307","20,196",1
109,Saudi Arabia,Jiddah,"4,583,000",487,"1,261","9,411","3,634",1
110,United States,"Phoenix, AZ","4,577,000","1,250","3,237","3,662","1,414",2
111,India,"Jaipur, RJ","4,508,000",198,513,"22,768","8,791",1
112,China,"Urumqi, XJ","4,503,000",300,777,"15,010","5,796",2
113,China,"Wuxi, JS","4,479,000",379,982,"11,818","4,563",2
114,South Africa,Cape Town,"4,448,000",324,839,"13,728","5,301",1
115,China,"Fuzhou, FJ","4,443,000",288,746,"15,427","5,957",2
116,Dominican Republic,Santo Domingo,"4,379,000",166,430,"26,380","10,186",1
117,China,"Ningbo, ZJ","4,339,000",364,943,"11,920","4,603",2
118,Morocco,Casablanca,"4,314,000",181,469,"23,834","9,203",1
119,Nepal,Kathmandu,"4,313,000",77,199,"56,013","21,627",1
120,Kuwait,Kuwait,"4,289,000",280,725,"15,318","5,914",1
121,Ghana,Kumasi,"4,257,000",251,650,"16,960","6,549",1
122,China,"Guiyang, GZ","4,226,000",281,728,"15,039","5,807",2
123,United States,"Detroit, MI","4,221,000","1,648","4,268","2,561",989,2
124,China,"Nanchang, JX","4,198,000",300,777,"13,993","5,403",2
125,Bangladesh,Chittagong,"4,196,000",74,192,"56,703","21,894",1
126,China,"Changzhou, JS","4,164,000",483,"1,251","8,621","3,329",2
127,China,"Dalian, LN","4,135,000",403,"1,044","10,261","3,962",2
128,China,"Zhongshan, GD","4,072,000",302,782,"13,483","5,206",2
129,China,"Jinan, SD","4,017,000",360,932,"11,158","4,308",2
130,Mali,Bamako,"4,014,000",163,422,"24,626","9,508",1
131,Germany,Berlin,"4,012,000",528,"1,368","7,598","2,934",1
132,United States,"Seattle, WA","3,993,000","1,260","3,263","3,169","1,224",2
133,India,"Kanpur, UP","3,988,000",81,210,"49,235","19,010",1
134,China,"Wenzhou, ZJ","3,984,000",206,534,"19,340","7,467",2
135,Pakistan,Faisalabad,"3,961,000",121,313,"32,736","12,640",1
136,Brazil,Recife,"3,909,000",206,534,"18,976","7,327",1
137,Syria,Aleppo,"3,868,000",109,282,"35,486","13,702",1
138,Nigeria,Ibadan,"3,846,000",182,471,"21,132","8,159",1
139,China,"Shijiazhuang, HEB","3,833,000",340,881,"11,274","4,353",2
140,Burkina Faso,Ouagadougou,"3,831,000",182,471,"21,049","8,128",1
141,China,"Harbin, HL","3,830,000",259,671,"14,788","5,710",2
142,South Korea,Busan,"3,814,000",230,596,"16,583","6,403",1
143,Indonesia,Medan,"3,811,000",185,479,"20,600","7,954",1
144,Algeria,Algiers,"3,779,000",171,443,"22,099","8,533",1
145,Senegal,Dakar,"3,775,000",75,194,"50,333","19,434",1
146,Nigeria,Abuja,"3,770,000",358,927,"10,531","4,066",1
147,Colombia,Medell??n,"3,752,000",93,241,"40,344","15,577",1
148,Canada,"Montr??al, QC","3,707,000",534,"1,383","6,942","2,680",1
149,Congo (Dem. Rep.),Mbuji-Mayi,"3,682,000",53,137,"69,472","26,824",2
150,Brazil,Fortaleza,"3,672,000",219,567,"16,767","6,474",1
151,Italy,Naples,"3,636,000",398,"1,031","9,136","3,527",1
152,Cameroon,Douala,"3,629,000",78,202,"46,526","17,964",1
153,Brazil,Porto Alegre,"3,625,000",347,899,"10,447","4,034",1
154,Uzbekistan,Tashkent,"3,585,000",415,"1,075","8,639","3,335",1
155,Sri Lanka,Colombo,"3,581,000",270,699,"13,263","5,121",1
156,India,"Indore, MP","3,575,000",109,282,"32,798","12,664",1
157,Iran,Mashhad,"3,521,000",183,474,"19,240","7,429",2
158,Brazil,Brasilia,"3,507,000",372,963,"9,427","3,640",1
159,Brazil,Salvador,"3,462,000",168,435,"20,607","7,957",1
160,Greece,Athens,"3,450,000",225,583,"15,333","5,920",1
161,India,"Varanasi, UP","3,380,000",67,174,"50,448","19,479",1
162,China,"Changchun, JL","3,354,000",316,818,"10,614","4,098",2
163,South Africa,Durban,"3,318,000",414,"1,072","8,014","3,095",1
169,India,"Allahabad, UP","3,247,000",47,122,"69,085","26,675",1
170,Brazil,Curitiba,"3,218,000",324,839,"9,932","3,835",1
171,China,"Nanning, GX","3,217,000",190,492,"16,932","6,538",2
172,Italy,Rome,"3,214,000",442,"1,145","7,271","2,808",1
173,Haiti,Port-au-Prince,"3,171,000",103,267,"30,786","11,887",1
174,United States,"San Diego, CA","3,151,000",740,"1,917","4,258","1,644",2
175,Guatemala,Guatemala City,"3,134,000",158,409,"19,835","7,659",1
176,Ecuador,Guayaquil,"3,089,000",119,308,"25,958","10,023",1
177,Azerbaijan,Baku,"3,081,000",467,"1,210","6,597","2,547",1
178,Venezuela,Caracas,"3,026,000",114,295,"26,544","10,249",1
179,Guinea,Conakry,"2,973,000",158,409,"18,816","7,265",1
180,United States,"Minneapolis-St. Paul, MN-WI","2,955,000","1,111","2,877","2,660","1,027",2
181,China,"Lanzhou, GS","2,947,000",140,363,"21,050","8,128",2
181,Iran,Esfahan,"2,947,000",230,596,"12,813","4,947",1
183,Turkey,Izmir,"2,937,000",116,300,"25,319","9,776",1
184,Ukraine,Kiyev,"2,904,000",294,761,"9,878","3,814",1
185,Brazil,Campinas,"2,898,000",363,940,"7,983","3,083",1
186,Australia,"Brisbane-Gold Coast, QLD-NSW","2,897,000","1,024","2,652","2,829","1,092",2
187,Zimbabwe,Harare,"2,885,000",322,834,"8,960","3,459",1
188,Netherlands,Rotterdam-Hague,"2,881,000",392,"1,015","7,349","2,838",1
189,Lebanon,Beirut,"2,868,000",204,528,"14,059","5,428",1
190,United States,"Tampa-St. Petersburg, FL","2,852,000","1,004","2,600","2,841","1,097",2
191,India,"Agra, UP","2,845,000",66,171,"43,106","16,644",1
192,United States,"Denver, CO","2,804,000",681,"1,764","4,117","1,590",2
193,Israel,Tel Aviv,"2,799,000",223,578,"12,552","4,846",1
194,Pakistan,Peshawar,"2,798,000",91,236,"30,747","11,872",1
195,Ecuador,Quito,"2,792,000",207,536,"13,488","5,208",1
196,United Kingdom,Manchester,"2,767,000",244,632,"11,340","4,379",2
197,Congo (Dem. Rep.),Lubumbashi,"2,753,000",167,433,"16,485","6,365",2
198,China,"Zhangjiaggang (Suzhou), JS","2,742,000",318,824,"8,623","3,329",2
199,Paraguay,Asuncion,"2,736,000",274,710,"9,985","3,856",1
200,Portugal,Lisbon,"2,727,000",367,951,"7,431","2,869",1
201,Madagascar,Antananarivo,"2,721,000",70,181,"38,871","15,009",1
202,Saudi Arabia,Ad-Dammam,"2,700,000",485,"1,256","5,567","2,150",1
203,Togo,Lome,"2,695,000",160,414,"16,844","6,504",1
204,United Kingdom,Birmingham,"2,643,000",231,598,"11,442","4,418",2
205,Brazil,Goiania,"2,642,000",321,831,"8,231","3,178",1
206,Nigeria,Port Harcourt,"2,637,000",167,433,"15,790","6,097",1
207,Pakistan,Multan,"2,598,000",87,225,"29,862","11,530",1
208,Colombia,Cali,"2,568,000",71,184,"36,169","13,965",1
209,Venezuela,Maracaibo,"2,565,000",156,404,"16,442","6,349",1
210,Mozambique,Maputo,"2,553,000",161,417,"15,857","6,123",1
211,China,"Haikou, HA","2,540,000",179,464,"14,190","5,479",2
212,Tunisia,Tunis,"2,529,000",174,451,"14,534","5,612",1
213,Mexico,Puebla,"2,522,000",172,445,"14,663","5,662",1
214,United States,"Cleveland, OH","2,521,000","1,379","3,572","1,828",706,2
215,Philippines,Cebu,"2,518,000",79,205,"31,873","12,307",1
216,United States,"Salt Lake City, UT","2,510,000",665,"1,722","3,774","1,457",2
216,Syria,Damascus,"2,510,000",73,189,"34,384","13,276",1
218,China: Taiwan,Taichung,"2,482,000",140,363,"17,729","6,845",1
219,Cambodia,Phnom Penh,"2,463,000",119,308,"20,697","7,992",1
220,Canada,"Vancouver, BC","2,460,000",352,912,"6,989","2,698",1
221,Hungary,Budapest,"2,443,000",385,997,"6,345","2,450",1
222,India,"Chandigarh, CH-HR-PB","2,415,000",100,259,"24,150","9,325",1
223,China: Taiwan,Kaohsiung,"2,361,000",145,376,"16,283","6,287",1
224,United States,"Orlando, FL","2,358,000",832,"2,155","2,834","1,094",2
226,India,"Bhopal, MP","2,351,000",70,181,"33,586","12,968",1
227,India,"Kochi, KL","2,344,000",170,440,"13,788","5,324",1
228,India,"Thiruvananthapuram, KL","2,330,000",121,313,"19,256","7,435",1
229,North Korea,Pyongyang,"2,326,000",68,176,"34,206","13,207",1
230,South Korea,Daegu,"2,314,000",97,251,"23,856","9,211",1
231,Pakistan,Hyderabad,"2,305,000",47,122,"49,043","18,936",1
232,China,"Yinchuan, NX","2,294,000",208,539,"11,029","4,258",2
233,China,"Zhuhai, GD","2,290,000",134,347,"17,090","6,599",2
234,Japan,Fukuoka,"2,286,000",195,505,"11,723","4,526",1
235,India,"Visakhapatnam, AP","2,266,000",121,313,"18,727","7,231",1
236,India,"Vadodara, GJ","2,264,000",72,186,"31,444","12,141",1
237,United States,"St. Louis, MO-IL","2,252,000",990,"2,564","2,275",878,2
238,India,"Meerut, UP","2,249,000",62,161,"36,274","14,006",1
239,Brazil,Belem,"2,247,000",101,262,"22,248","8,590",1
240,Kazakhstan,Almaty,"2,242,000",205,531,"10,937","4,223",1
240,Bangladesh,Savar,"2,242,000",84,218,"26,690","10,306",1
242,United States,"Las Vegas, NV","2,240,000",417,"1,080","5,372","2,074",2
243,India,"Kozhikode, KL","2,236,000",199,515,"11,236","4,338",1
244,Belgium,Brussels,"2,203,000",336,870,"6,557","2,532",1
245,China,"Zibo, SD","2,200,000",320,829,"6,875","2,655",2
246,India,"Coimbatore, TN","2,195,000",111,287,"19,775","7,635",1
247,China,"Kunshan (Suzhou), JS","2,191,000",237,614,"9,245","3,570",2
247,China,"Hohhot, NM","2,191,000",184,477,"11,908","4,598",2
247,India,"Madurai, TN","2,191,000",58,150,"37,776","14,586",1
250,China,"Shantou, GD","2,180,000",142,368,"15,352","5,928",2
251,China,"Chaoyang (Shantou,) GD","2,170,000",138,357,"15,725","6,072",2
252,United States,"San Antonio, TX","2,163,000",601,"1,557","3,599","1,390",2
253,Germany,Cologne-Bonn,"2,161,000",301,780,"7,179","2,772",1
254,Belarus,Minsk,"2,147,000",167,433,"12,856","4,964",1
255,Indonesia,Makassar,"2,137,000",69,179,"30,971","11,958",1
256,Sweden,Stockholm,"2,121,000",327,847,"6,486","2,504",1
257,Colombia,Barranquilla,"2,120,000",68,176,"31,176","12,038",1
258,India,"Nashik, MH","2,105,000",52,135,"40,481","15,630",1
259,United States,"Portland, OR-WA","2,104,000",538,"1,393","3,911","1,510",2
259,Somalia,Mogadishu,"2,104,000",49,127,"42,939","16,579",1
261,Indonesia,Semarang,"2,103,000",100,259,"21,030","8,120",1
262,Mexico,Tijuana,"2,100,000",160,414,"13,125","5,068",1
263,United States,"Charlotte, NC-SC","2,098,000","1,156","2,994","1,815",701,2
264,China,"Baotou, NM","2,095,000",210,544,"9,976","3,852",2
265,Bolivia,Santa Cruz de la Sierra,"2,093,000",366,948,"5,719","2,208",1
266,Malaysia,Johor Bahru,"2,080,000",308,798,"6,753","2,608",1
267,China,"Luoyang, HEN","2,061,000",215,557,"9,586","3,701",2
267,Congo,Brazzaville,"2,061,000",92,238,"22,402","8,650",1
269,Germany,Munich,"2,038,000",186,482,"10,957","4,231",1
270,Australia,"Perth, WA","2,033,000",665,"1,722","3,057","1,180",2
271,India,"Jamshedpur, JH","2,031,000",59,153,"34,424","13,292",1
272,Japan,Sapporo,"2,028,000",213,552,"9,521","3,676",1
272,Nigeria,Benin City,"2,028,000",186,482,"10,903","4,210",1
274,Costa Rica,San Jose,"2,025,000",162,420,"12,500","4,826",1
275,Germany,Hamburg,"2,019,000",307,795,"6,577","2,539",1
281,United States,"Sacramento, CA","1,949,000",476,"1,233","4,095","1,581",2
282,India,"Aligarh, UP","1,947,000",38,98,"51,237","19,783",1
283,Saudi Arabia,Mecca,"1,944,000",174,451,"11,172","4,314",1
284,Bolivia,La Paz,"1,943,000",135,350,"14,393","5,557",1
285,China,"Shaoxing, ZJ","1,932,000",211,546,"9,156","3,535",2
286,Turkey,Bursa,"1,922,000",82,212,"23,439","9,050",1
287,United Kingdom,Leeds-Bradford,"1,916,000",188,487,"10,191","3,935",2
288,United States,"Austin, TX","1,907,000",528,"1,368","3,612","1,395",2
289,Iran,Shiraz,"1,899,000",118,306,"16,093","6,214",2
290,Poland,Katowice-Gliwice-Tychy,"1,894,000",281,728,"6,740","2,602",1
291,China,"Linyi, SD","1,892,000",370,958,"5,114","1,974",2
292,Austria,Vienna,"1,890,000",130,337,"14,538","5,614",1
293,Qatar,Doha,"1,886,000",222,575,"8,495","3,280",1
294,Mexico,Leon,"1,877,000",142,368,"13,218","5,104",1
295,US: Puerto Rico,San Juan,"1,875,000",876,"2,269","2,140",826,2
296,China,"Huizhou, GD","1,874,000",123,319,"15,236","5,883",2
297,India,"Ranchi, JH","1,871,000",54,140,"34,648","13,378",1
298,Romania,Bucharest,"1,862,000",159,412,"11,711","4,522",1
299,Mexico,Toluca,"1,854,000",167,433,"11,102","4,287",1
300,India,"Ludhiana, PB","1,852,000",82,212,"22,585","8,721",1
301,Venezuela,Valencia,"1,833,000",142,368,"12,908","4,984",1
302,India,"Aurangabad, MH","1,832,000",36,93,"50,889","19,649",1
303,Iran,Tabriz,"1,831,000",114,295,"16,061","6,202",2
304,China,"Xining, QH","1,827,000",175,453,"10,440","4,031",2
305,United States,"Pittsburgh, PA","1,821,000",922,"2,388","1,975",763,2
306,China,"Cixi (Ningbo), ZJ","1,814,000",198,513,"9,162","3,537",2
306,India,"Jabalpur, MP","1,814,000",46,119,"39,435","15,226",1
308,India,"Gwalior, MP","1,804,000",39,101,"46,256","17,860",1
309,China,"Yiwu (Jinhua), ZJ","1,800,000",136,352,"13,235","5,110",2
309,India,"Jodhpur, RJ","1,800,000",90,233,"20,000","7,722",1
311,Myanmar,Mandalay,"1,780,000",51,132,"34,902","13,476",1
312,Malaysia,Penang,"1,777,000",201,521,"8,841","3,414",1
313,United States,"Kansas City, MO-KS","1,746,000",728,"1,886","2,398",926,2
314,Liberia,Monrovia,"1,745,000",78,202,"22,372","8,638",1
315,Chad,N'Djamena,"1,743,000",85,220,"20,506","7,918",1
316,Viet Nam,Hai Phong,"1,742,000",220,570,"7,918","3,057",1
317,India,"Kannur, KL","1,731,000",222,575,"7,797","3,011",1
318,China,"Tangshan, HEB","1,730,000",233,603,"7,425","2,867",2
319,Benin,Cotonou,"1,726,000",83,215,"20,795","8,029",1
320,United States,"Cincinnati, OH-KY-IN","1,724,000",797,"2,064","2,163",835,2
321,Brazil,Vittoria,"1,722,000",130,337,"13,246","5,115",1
322,Russia,Novosibirsk,"1,720,000",302,782,"5,695","2,199",1
323,India,"Bareilly, UP","1,709,000",32,83,"53,406","20,621",1
324,United States,"Indianapolis, IN","1,689,000",718,"1,860","2,352",908,2
325,India,"Rajkot, GJ","1,682,000",39,101,"43,128","16,652",1
326,Palestine,Gaza,"1,681,000",88,228,"19,102","7,376",1
327,Turkey,Gaziantep,"1,674,000",78,202,"21,462","8,287",1
328,India,"Gorakhpur, UP","1,672,000",46,119,"36,348","14,034",1
329,India,"Raipur, CH","1,670,000",55,142,"30,364","11,724",1
330,China,"Putian, FJ","1,659,000",308,798,"5,386","2,080",2
331,India,"Vijayawada, AP","1,656,000",35,91,"47,314","18,269",1
332,Netherlands,Amsterdam,"1,654,000",188,487,"8,798","3,397",1
333,Denmark,Copenhagen,"1,649,000",218,565,"7,564","2,921",1
334,India,"Asansol, WB","1,636,000",26,67,"62,923","24,296",1
334,Cuba,Havana,"1,636,000",123,319,"13,301","5,136",1
336,Argentina,Cordoba,"1,622,000",193,500,"8,404","3,245",1
338,Indonesia,Yogyakarta,"1,603,000",89,231,"18,011","6,954",1
339,Mongolia,Ulaanbaatar,"1,602,000",123,319,"13,024","5,029",1
340,China,"Jiangmen, GD","1,583,000",157,407,"10,083","3,893",2
341,Congo (Dem. Rep.),Bukavu,"1,579,000",33,85,"47,848","18,475",2
342,El Salvador,San Salvador,"1,575,000",79,205,"19,937","7,698",1
343,Viet Nam,Da Nang,"1,568,000",166,430,"9,446","3,647",1
344,Russia,Nizhniy Novgorod,"1,566,000",331,857,"4,731","1,827",1
345,United States,"Columbus, OH","1,560,000",518,"1,342","3,012","1,163",2
346,South Korea,Daejon,"1,557,000",70,181,"22,243","8,588",1
346,Brazil,Santos,"1,557,000",121,313,"12,868","4,968",1
348,Indonesia,Malang,"1,555,000",82,212,"18,963","7,322",1
349,Israel,Jerusalem,"1,544,000",84,218,"18,381","7,097",1
350,Uruguay,Montevideo,"1,541,000",123,319,"12,528","4,837",1
351,United States,"Raleigh, NC","1,540,000",706,"1,829","2,181",842,2
352,China,"Handan, HEB","1,538,000",208,539,"7,394","2,855",2
352,Brazil,Sao Luis,"1,538,000",170,440,"9,047","3,493",1
354,United States,"Virginia Beach-Norfolk, VA","1,520,000",529,"1,370","2,873","1,109",2
355,Indonesia,Batam,"1,506,000",94,243,"16,021","6,186",1
356,Mexico,Ciudad Juarez,"1,504,000",144,373,"10,444","4,033",1
357,Mauritania,Nouakchott,"1,498,000",67,174,"22,358","8,633",1
358,Saudi Arabia,Medina,"1,497,000",210,544,"7,129","2,752",1
358,Japan,Kitakyushu,"1,497,000",229,593,"6,537","2,524",1
360,Indonesia,Denpasar,"1,496,000",68,176,"22,000","8,495",1
361,Italy,Turin,"1,494,000",147,381,"10,163","3,924",1
362,Niger,Niamey,"1,487,000",52,135,"28,596","11,041",1
363,Ukraine,Kharkov,"1,485,000",152,394,"9,770","3,772",1
363,South Korea,Gwangju,"1,485,000",71,184,"20,915","8,076",1
365,Armenia,Yerevan,"1,472,000",158,409,"9,316","3,597",1
366,France,Lyon,"1,471,000",178,461,"8,264","3,191",1
367,China,"Xuzhou, JS","1,469,000",153,396,"9,601","3,707",2
367,India,"Tiruppur, TN","1,469,000",40,104,"36,725","14,180",1
369,Tajikistan,Dushanbe,"1,468,000",97,251,"15,134","5,843",1
369,India,"Salem, TN","1,468,000",41,106,"35,805","13,825",1
371,Iraq,Basra,"1,461,000",38,98,"38,447","14,845",1
372,Sierra Leone,Freetown,"1,458,000",71,184,"20,535","7,929",1
373,Iran,Ahvaz,"1,455,000",96,249,"15,156","5,852",1
374,Spain,Valencia,"1,448,000",152,394,"9,526","3,678",1
375,New Zealand,Auckland,"1,446,000",209,541,"6,919","2,671",1
376,China,"Puning (Jieyang), GD","1,409,000",142,368,"9,923","3,831",2
377,China,"Anshan, LN","1,402,000",143,370,"9,804","3,786",2
378,China,"Datong, SAX","1,396,000",142,368,"9,831","3,796",2
379,Ireland,Dublin,"1,387,000",178,461,"7,792","3,009",1
380,United States,"Milwaukee, WI","1,386,000",565,"1,463","2,453",947,2
381,Russia,Yekaterinburg,"1,385,000",244,632,"5,676","2,192",1
382,France,Marseille,"1,380,000",266,689,"5,188","2,003",1
383,Malawi,Lilongwe,"1,378,000",97,251,"14,206","5,485",1
384,United Arab Emirates,Abu Dhabi,"1,374,000",411,"1,064","3,343","1,291",1
384,Germany,Stuttgart,"1,374,000",184,477,"7,467","2,883",1
386,Thailand,Pattaya-Chon Buri,"1,373,000",384,995,"3,576","1,381",1
387,China,"Baoding, HEB","1,372,000",151,391,"9,086","3,508",2
394,Nigeria,Aba,"1,349,000",35,91,"38,543","14,882",1
395,India,"Saharanpur, UP","1,348,000",20,52,"67,400","26,024",1
396,Argentina,Rosario,"1,347,000",124,321,"10,863","4,194",1
397,China,"Yantai, SD","1,342,000",225,583,"5,964","2,303",2
398,Russia,Volgograd,"1,338,000",271,702,"4,937","1,906",1
399,Nigeria,Ilorin,"1,335,000",98,254,"13,622","5,260",1
399,Algeria,Wahran,"1,335,000",59,153,"22,627","8,737",1
401,India,"Malappuram, KL","1,334,000",130,337,"10,262","3,962",1
402,Oman,Muscat,"1,332,000",148,383,"9,000","3,475",1
403,India,"Amritsar, PB","1,327,000",59,153,"22,492","8,684",1
404,Canada,"Calgary, AB","1,319,000",240,622,"5,496","2,122",1
405,Pakistan,Sialkot,"1,317,000",32,83,"41,156","15,891",1
405,Bolivia,Cochabamba,"1,317,000",101,262,"13,040","5,035",1
407,Iraq,Mosul,"1,315,000",69,179,"19,058","7,359",1
408,United States,"Jacksonville, FL","1,314,000",608,"1,575","2,161",834,2
409,Philippines,Davao City,"1,313,000",50,129,"26,260","10,139",1
409,Brazil,Natal,"1,313,000",94,243,"13,968","5,393",1
411,India,"Kota, RJ","1,309,000",50,129,"26,180","10,108",1
412,Morocco,Fez,"1,304,000",35,91,"37,257","14,386",1
412,France,Lille,"1,304,000",204,528,"6,392","2,468",1
414,United Arab Emirates,Al Ain,"1,284,000",186,482,"6,903","2,665",1
415,Panama,Panama City,"1,281,000",87,225,"14,724","5,685",1
416,Honduras,Tegucigalpa,"1,273,000",57,148,"22,333","8,623",1
417,United Kingdom,Glasgow,"1,270,000",138,357,"9,203","3,553",2
418,Nigeria,Warri,"1,266,000",63,163,"20,095","7,759",1
418,Nigeria,Maiduguri,"1,266,000",60,155,"21,100","8,147",1
420,Burundi,Bujumbura,"1,265,000",30,78,"42,167","16,281",1
421,Uzbekistan,Samarkand,"1,263,000",196,508,"6,444","2,488",1
422,Nicaragua,Managua,"1,259,000",87,225,"14,471","5,588",1
422,Mexico,Queretaro,"1,259,000",140,363,"8,993","3,472",1
424,Libya,Tripoli,"1,258,000",194,502,"6,485","2,504",1
425,China,"Changshu (Suzhou), JS","1,256,000",132,342,"9,515","3,674",2
425,China,"Taizhou, ZJ","1,256,000",100,259,"12,560","4,850",2
427,South Africa,Port Elizabeth,"1,255,000",151,391,"8,311","3,209",1
428,China,"Ruian (Wenzhou), ZJ","1,253,000",71,184,"17,648","6,814",2
428,Russia,Rostov,"1,253,000",147,381,"8,524","3,291",1
430,India,"Guwahati, AS","1,248,000",79,205,"15,797","6,100",1
431,India,"Srinagar, JK","1,247,000",67,174,"18,612","7,186",1
432,Iraq,Najaf,"1,238,000",34,88,"36,412","14,059",1
432,Georgia,Tblisi,"1,238,000",95,246,"13,032","5,032",1
434,Turkmenistan,Ashgabat,"1,234,000",119,308,"10,370","4,004",1
435,Nigeria,Enugu,"1,231,000",79,205,"15,582","6,017",1
435,Central African Rep.,Bangui,"1,231,000",56,145,"21,982","8,488",1
437,Australia,"Adelaide, SA","1,225,000",323,837,"3,793","1,464",2
438,Serbia,Belgrade,"1,224,000",98,254,"12,490","4,823",1
438,Mexico,San Luis Potos??,"1,224,000",82,212,"14,927","5,763",1
440,Finland,Helsinki,"1,223,000",199,515,"6,146","2,373",1
441,Mexico,Torreon,"1,221,000",98,254,"12,459","4,811",1
442,China,"Zhanjiang, GD","1,220,000",159,412,"7,673","2,963",1
443,India,"Durg-Bhilainagar, CH","1,217,000",52,135,"23,404","9,037",1
444,China,"Liuzhou, GX","1,216,000",81,210,"15,012","5,796",2
444,Kazakhstan,Shimkent,"1,216,000",153,396,"7,948","3,069",1
446,Argentina,Mendoza,"1,212,000",135,350,"8,978","3,466",1
447,China,"Baoji, SAA","1,209,000",127,329,"9,520","3,676",1
448,India,"Moradabad, UP","1,207,000",25,65,"48,280","18,642",2
450,China,"Chaozhou, GD","1,203,000",112,290,"10,741","4,147",2
451,Venezuela,Maracay,"1,202,000",86,223,"13,977","5,397",1
451,China,"Zhuzhou, HUN","1,202,000",87,225,"13,816","5,335",1
453,United States,"Nashville, TN","1,201,000",579,"1,500","2,074",801,2
454,Uzbekistan,Namangan,"1,198,000",198,513,"6,051","2,336",1
455,Russia,Kazan,"1,197,000",173,448,"6,919","2,672",1
456,Ukraine,Dnipro,"1,194,000",310,803,"3,852","1,487",1
457,Indonesia,Pekan Baru,"1,193,000",92,238,"12,967","5,007",1
458,Nigeria,Uyo,"1,190,000",70,181,"17,000","6,564",1
459,Mexico,Merida,"1,189,000",166,430,"7,163","2,766",1
460,Venezuela,Barquisimeto,"1,185,000",74,192,"16,014","6,183",1
461,India,"Tiruchirappalli, TN","1,183,000",33,85,"35,848","13,842",1
461,Czech Republic,Prague,"1,183,000",119,308,"9,941","3,838",1
463,China,"Huangshi, HUB","1,181,000",102,264,"11,578","4,471",1
464,India,"Bhubaneswar, OR","1,178,000",54,140,"21,815","8,423",1
465,China,"Yangzhou, JS","1,174,000",135,350,"8,696","3,358",2
466,China: Taiwan,Tainan,"1,170,000",100,259,"11,700","4,518",1
466,Canada,"Edmonton, AB","1,170,000",242,627,"4,835","1,867",1
468,India,"Dhanbad, JH","1,169,000",39,101,"29,974","11,574",1
469,Brazil,Joao Pessoa,"1,166,000",78,202,"14,949","5,772",1
470,Ukraine,Odessa,"1,165,000",143,370,"8,147","3,146",1
471,Sudan,Nyala,"1,161,000",41,106,"28,317","10,934",1
472,India,"Hubli-Dharwad, KL","1,160,000",43,111,"26,977","10,416",1
473,Morocco,Tanger,"1,156,000",37,96,"31,243","12,063",1
473,India,"Jalandhar, PB","1,156,000",55,142,"21,018","8,115",1
475,China,"Jilin, JL","1,151,000",96,249,"11,990","4,629",2
476,Indonesia,Surakarta,"1,148,000",80,207,"14,350","5,541",1
476,Brazil,Maceio,"1,148,000",58,150,"19,793","7,642",1
476,Congo (Dem. Rep.),Bunia,"1,148,000",23,60,"49,913","19,272",2
479,Russia,Voronezh,"1,146,000",233,603,"4,918","1,899",1
480,Angola,Lubango,"1,145,000",84,218,"13,631","5,263",1
481,India,"Kollam, KL","1,142,000",80,207,"14,275","5,512",1
482,Iran,Qom,"1,140,000",48,124,"23,750","9,170",1
483,Nigeria,Nsukka,"1,138,000",131,339,"8,687","3,354",1
483,Argentina,Tucuman,"1,138,000",100,259,"11,380","4,394",1
485,Russia,Omsk,"1,136,000",209,541,"5,435","2,099",1
486,Japan,Sendai,"1,133,000",114,295,"9,939","3,837",1
487,Japan,Hiroshima,"1,130,000",90,233,"12,556","4,848",1
487,Iran,Kermanshah,"1,130,000",42,109,"26,905","10,388",1
489,China,"Zhenjiang, JS","1,127,000",128,332,"8,805","3,400",1
490,India,"Solapur, MH","1,122,000",25,65,"44,880","17,329",1
491,Indonesia,Jambi,"1,116,000",70,181,"15,943","6,156",1
492,Turkey,Mersin,"1,110,000",79,205,"14,051","5,425",1
493,China,"Nantong, JS","1,105,000",153,396,"7,222","2,789",2
494,China,"Qinhuangdao, HEB","1,103,000",171,443,"6,450","2,491",2
495,Spain,Seville,"1,100,000",105,272,"10,476","4,045",1
496,Somalia,Hargeysa,"1,098,000",25,65,"43,920","16,958",1
497,Indonesia,Cirebon,"1,093,000",41,106,"26,659","10,293",1
498,Tanzania,Mwanza,"1,091,000",43,111,"25,372","9,797",1
499,China,"Mianyang, SC","1,088,000",108,280,"10,074","3,890",1
500,Canada,"Ottawa, ON-QC","1,085,000",212,549,"5,118","1,976",1
501,Uzbekistan,Andizhan,"1,083,000",221,572,"4,900","1,892",1
502,China,"Jieyang, GD","1,082,000",113,293,"9,575","3,697",2
505,United States,"Memphis, TN-MS-AR","1,077,000",501,"1,298","2,150",830,2
506,United States,"Richmond, VA","1,072,000",501,"1,298","2,140",826,2
506,Bangladesh,Khulna,"1,072,000",41,106,"26,146","10,096",1
508,China,"Yingkou, LN","1,070,000",159,412,"6,730","2,598",1
509,Burkina Faso,Bobo-Dioulasso,"1,068,000",39,101,"27,385","10,574",1
509,Japan,Naha,"1,068,000",124,321,"8,613","3,326",1
511,Norway,Oslo,"1,067,000",125,324,"8,536","3,296",2
512,Mexico,Aguascalientes,"1,065,000",77,199,"13,831","5,340",1
513,China,"Xiangtan, HUN","1,064,000",87,225,"12,230","4,722",1
514,Rwanda,Kigali,"1,060,000",44,114,"24,091","9,302",1
514,Russia,Saratov,"1,060,000",211,546,"5,024","1,940",1
516,Gambia,Banjul,"1,059,000",123,319,"8,610","3,324",1
517,Malawi,Blantyre,"1,058,000",80,207,"13,225","5,106",1
518,Russia,Krasnoyarsk,"1,054,000",186,482,"5,667","2,188",1
519,China,"Wuhu, AH","1,053,000",154,399,"6,838","2,640",2
520,Jamaica,Kingston,"1,052,000",106,275,"9,925","3,832",1
521,Belgium,Antwerp,"1,051,000",257,666,"4,089","1,579",1
522,China,"Weifang, SD","1,050,000",154,399,"6,818","2,633",2
522,Morocco,Agadir,"1,050,000",45,117,"23,333","9,009",1
524,China,"Guilin, GX","1,044,000",71,184,"14,704","5,678",1
525,United States,"Louisville, KY-IN","1,043,000",489,"1,267","2,133",824,2
526,China,"Yichang, HUB","1,041,000",53,137,"19,642","7,584",1
527,Kazakhstan,Astana,"1,040,000",71,184,"14,648","5,656",1
528,India,"Puducherry, PY","1,037,000",31,80,"33,452","12,916",1
528,China,"Xinxiang, HEN","1,037,000",88,228,"11,784","4,550",1
530,Yemen,Ta'izz,"1,036,000",46,119,"22,522","8,696",1
531,Mexico,Chihuahua,"1,035,000",101,262,"10,248","3,957",1
531,Indonesia,Bandar Lampung,"1,035,000",41,106,"25,244","9,747",1
531,Brazil,Teresina,"1,035,000",88,228,"11,761","4,541",1
534,China,"Maanshan, AH","1,033,000",96,249,"10,760","4,155",1
535,Colombia,Bucaramanga,"1,026,000",27,70,"38,000","14,672",1
536,Pakistan,Quetta,"1,023,000",77,199,"13,286","5,130",1
537,Turkey,Kayseri,"1,022,000",132,342,"7,742","2,989",1
538,Senegal,Touba,"1,019,000",71,184,"14,352","5,542",1
539,China,"Qiqihaer, HL","1,017,000",80,207,"12,713","4,908",1
540,Turkey,Konya,"1,013,000",132,342,"7,674","2,963",1
540,Mexico,Cuernavaca,"1,013,000",101,262,"10,030","3,873",1
542,United States,"Oklahoma City, OK","1,001,000",418,"1,083","2,395",925,2
542,India,"Belgaum, KA","1,001,000",28,73,"35,750","13,804",1
544,Bangladesh,Sylhet,"999,000",19,49,"52,579","20,302",1
545,China,"Jiaozuo, HEN","997,000",106,275,"9,406","3,632",1
546,India,"Jammu, JK","995,000",57,148,"17,456","6,740",1
547,China,"Zhangzhou, FJ","994,000",173,448,"5,746","2,218",2
548,China,"Dongying, SD","991,000",248,642,"3,996","1,543",1
549,Russia,Samara,"988,000",95,246,"10,400","4,016",1
550,Turkey,Antalya,"984,000",70,181,"14,057","5,428",1
550,Russia,Ufa,"984,000",134,347,"7,343","2,835",1
552,Brazil,Sao Jose dos Campos,"983,000",92,238,"10,685","4,126",1
553,France,Toulouse,"981,000",196,508,"5,005","1,933",1
554,China,"Nanchong, SC","978,000",53,137,"18,453","7,125",1
555,China,"Panjin, LN","973,000",118,306,"8,246","3,184",1
556,Malaysia,Ipoh,"972,000",154,399,"6,312","2,437",1
557,China,"Nanyang, HEN","967,000",88,228,"10,989","4,243",1
558,India,"Bilaspur, CH","966,000",22,57,"43,909","16,954",1
558,Colombia,Cartagena,"966,000",36,93,"26,833","10,361",1
560,Viet Nam,Vung Tau,"965,000",101,262,"9,554","3,689",1
562,Nigeria,Jos,"961,000",71,184,"13,535","5,226",1
562,Honduras,San Pedro Sula,"961,000",62,161,"15,500","5,985",1
562,Brazil,Campo Grande,"961,000",113,293,"8,504","3,284",1
565,United States,"Buffalo, NY","959,000",380,984,"2,524",974,2
566,United States,"New Orleans, LA","958,000",268,694,"3,575","1,380",2
566,Mexico,Mexicali,"958,000",89,231,"10,764","4,156",1
568,Mozambique,Nampula,"955,000",25,65,"38,200","14,750",1
569,Peru,Trujillo,"950,000",37,96,"25,676","9,914",1
570,China,"Pingdingshan, HEN","949,000",70,181,"13,557","5,235",1
571,Bulgaria,Sofia,"947,000",80,207,"11,838","4,571",1
572,China,"Ganzhou, JX","946,000",129,334,"7,333","2,832",2
573,Morocco,Marrakech,"943,000",43,111,"21,930","8,468",1
574,United Kingdom,Southampton-Portsmouth,"940,000",74,192,"12,703","4,905",2
575,Pakistan,Sheikhupura,"935,000",22,57,"42,500","16,410",1
576,India,"Bikaner, RJ","933,000",28,73,"33,321","12,866",1
576,France,Nice,"933,000",180,466,"5,183","2,001",1
578,Switzerland,Zurich,"930,000",94,243,"9,894","3,820",1
578,South Korea,Ulsan,"930,000",69,179,"13,478","5,204",1
580,India,"Guntur, AP","929,000",22,57,"42,227","16,305",1
581,Mexico,Cancun,"928,000",77,199,"12,052","4,653",1
581,China,"Jiujiang, JX","928,000",83,215,"11,181","4,317",1
583,Mexico,Hermosillo,"927,000",69,179,"13,435","5,187",1
584,China,"Jiaxing, ZJ","925,000",70,181,"13,214","5,102",1
585,United States,"Hartford, CT","924,000",525,"1,360","1,760",680,2
585,Nigeria,Zaria,"924,000",45,117,"20,533","7,928",1
587,India,"Cuttack, OR","922,000",26,67,"35,462","13,692",1
587,China,"Jingzhou, HUB","922,000",84,218,"10,976","4,238",1
589,China,"Taian, SD","921,000",104,269,"8,856","3,419",1
589,China,"Luohe, HEN","921,000",64,166,"14,391","5,556",1
591,Ghana,Sekondi Takoradi,"919,000",38,98,"24,184","9,338",1
592,Peru,Arequipa,"910,000",76,197,"11,974","4,623",1
593,United States,"Tucson, AZ","909,000",354,917,"2,568",991,2
593,Russia,Krasnodar,"909,000",130,337,"6,992","2,700",1
593,China,"Changde, HUN","909,000",50,129,"18,180","7,020",1
596,China,"Jinhua, ZJ","908,000",72,186,"12,611","4,869",1
597,Colombia,Cucuta,"907,000",46,119,"19,717","7,613",1
598,Yemen,Aden,"905,000",70,181,"12,929","4,992",1
599,Nigeria,Sokoto,"901,000",35,91,"25,743","9,940",1
599,Brazil,Cuiaba,"901,000",144,373,"6,257","2,416",1
601,Venezuela,Ciudad Guayana,"898,000",99,256,"9,071","3,502",1
601,India,"Gulbarga, KA","898,000",26,67,"34,538","13,336",1
603,China,"Bengbu, AH","897,000",134,347,"6,694","2,585",2
604,Iraq,Kirkuk,"895,000",37,96,"24,189","9,340",1
605,Mexico,Morelia,"893,000",72,186,"12,403","4,789",1
606,China,"Huainan, AH","891,000",124,321,"7,185","2,774",2
607,India,"Warangal, AP","887,000",33,85,"26,879","10,378",1
608,Chile,Valpara??so-Vina del Mar,"885,000",61,158,"14,508","5,602",1
609,Russia,Makhachkala,"881,000",108,280,"8,157","3,150",1
609,Greece,Thessaloniki,"881,000",87,225,"10,126","3,910",1
611,Russia,Irkutsk,"879,000",241,624,"3,647","1,408",1
612,Mexico,Culiacan,"877,000",68,176,"12,897","4,980",1
612,Iraq,Nasiriyah,"877,000",22,57,"39,864","15,392",1
614,China,"Lianyungang, JS","876,000",130,337,"6,738","2,602",1
615,United States,"El Paso, TX-NM","875,000",252,653,"3,472","1,341",2
617,China,"Shiyan, HUB","873,000",75,194,"11,640","4,494",1
617,China,"Jining, SD","873,000",73,189,"11,959","4,618",1
619,China,"Weihai,  SD","872,000",66,171,"13,212","5,101",1
620,China,"Laiwu, SD","870,000",118,306,"7,373","2,847",1
621,Mexico,Tampico,"869,000",85,220,"10,224","3,947",1
622,Chile,Concepcion,"867,000",75,194,"11,560","4,463",1
623,France,Bordeaux,"860,000",177,458,"4,859","1,876",1
623,Egypt,Al-Mansurah,"860,000",16,41,"53,750","20,754",1
623,China,"Yueyang, HUN","860,000",80,207,"10,750","4,151",1
626,Indonesia,Banjarmasin,"859,000",25,65,"34,360","13,267",1
626,India,"Bokaro Steel City, JH","859,000",34,88,"25,265","9,755",1
628,Mexico,Veracruz,"858,000",63,163,"13,619","5,259",1
629,Indonesia,Padang,"857,000",38,98,"22,553","8,708",1
630,China,"Anyang, HEN","852,000",95,246,"8,968","3,463",2
630,Afghanistan,Herat,"852,000",20,52,"42,600","16,449",1
632,Brazil,Aracaju,"848,000",47,122,"18,043","6,967",1
633,China,"Mudanjiang, HL","846,000",54,140,"15,667","6,049",1
634,United States,"Honolulu, HI","845,000",170,440,"4,971","1,919",2
634,Poland,Gdansk,"845,000",116,300,"7,284","2,813",1
636,Mexico,Saltillo,"844,000",107,277,"7,888","3,046",2
637,Nigeria,Osogbo,"843,000",60,155,"14,050","5,425",1
638,Iran,Urmia,"842,000",34,88,"24,765","9,562",1
639,China,"Zhangjiakou, HEB","839,000",67,174,"12,522","4,835",1
640,India,"Firozabad, UP","838,000",14,36,"59,857","23,112",2
641,China,"Cangnan (Wenzhou), ZJ","836,000",31,80,"26,968","10,413",1
642,United States,"McAllen, TX","835,000",359,930,"2,326",898,2
643,Eritrea,Asmara,"834,000",25,65,"33,360","12,881",2
644,China,"Xiangyang, HUB","829,000",52,135,"15,942","6,156",1
644,Albania,Tirana,"829,000",43,111,"19,279","7,444",1
646,Viet Nam,Can Tho,"828,000",35,91,"23,657","9,134",1
646,China,"Xingtai, HEB","828,000",45,117,"18,400","7,105",1
648,China,"Hengyang, HUN","827,000",112,290,"7,384","2,851",2
648,United Kingdom,Liverpool,"827,000",77,199,"10,740","4,147",1
650,Egypt,Al-Mahallah,"826,000",14,36,"59,000","22,781",1
651,China,"Kaifeng, HEN","824,000",85,220,"9,694","3,743",1
652,Turkey,Izmit,"823,000",79,205,"10,418","4,022",1
652,Tanzania,Zanzibar,"823,000",25,65,"32,920","12,711",1
654,United States,"Omaha, NE-IA","820,000",271,702,"3,026","1,168",2
655,India,"Sangali, MH","816,000",24,62,"34,000","13,128",1
656,Libya,Banghazi,"811,000",90,233,"9,011","3,479",2
657,China,"Shaoyang, HUN","807,000",50,129,"16,140","6,232",1
658,Iraq,Irbil,"800,000",28,73,"28,571","11,032",1
659,Poland,Lodz,"799,000",112,290,"7,134","2,755",1
659,India,"Amravati, MH","799,000",26,67,"30,731","11,866",1
661,United States,"Sarasota, FL","798,000",327,847,"2,440",942,2
662,China,"Yancheng, JS","797,000",81,210,"9,840","3,799",1
663,Russia,Tyumen,"796,000",132,342,"6,030","2,328",1
664,Indonesia,Serang,"795,000",44,114,"18,068","6,976",1
665,China,"Chifeng, NM","794,000",65,168,"12,215","4,717",1
666,China,"Yongkang (Jinhua), ZJ","792,000",86,223,"9,209","3,556",1
667,Mexico,Reynosa,"791,000",74,192,"10,689","4,127",1
667,China,"Zhaoqing, GD","791,000",45,117,"17,578","6,787",1
669,United States,"Birmingham, AL","790,000",530,"1,373","1,491",576,2
670,China,"Dandong, LN","789,000",63,163,"12,524","4,836",1
671,Mexico,Acapulco,"788,000",46,119,"17,130","6,614",1
671,Brazil,Sorocaba,"788,000",116,300,"6,793","2,623",2
674,India,"Nellore, AP","780,000",20,52,"39,000","15,058",2
675,India,"Agartala, TR","778,000",36,93,"21,611","8,344",1
676,Philippines,Cagayan de Oro,"777,000",27,70,"28,778","11,112",1
677,Italy,Palermo,"776,000",68,176,"11,412","4,406",1
677,Congo,Pointe Noire,"776,000",77,199,"10,078","3,891",1
677,China,"Changzhi, SAX","776,000",71,184,"10,930","4,220",1
680,Congo (Dem. Rep.),Kisangani,"775,000",31,80,"25,000","9,653",2
680,Spain,Bilbao,"775,000",57,148,"13,596","5,250",1
682,Zimbabwe,Bulawayo,"774,000",87,225,"8,897","3,435",1
683,Japan,Fuji,"773,000",134,347,"5,769","2,227",1
683,Turkey,Adana,"773,000",62,161,"12,468","4,814",1
685,Mexico,Tuxtla Gutierrez,"772,000",54,140,"14,296","5,520",1
686,Jordan,Irbid,"770,000",80,207,"9,625","3,716",1
687,United States,"Albuquerque, NM","769,000",254,658,"3,028","1,169",2
687,Saudi Arabia,Taif,"769,000",55,142,"13,982","5,399",1
687,Myanmar,Nay Pyi Taw,"769,000",114,295,"6,746","2,605",1
690,Italy,Florence,"768,000",88,228,"8,727","3,370",1
690,Canada,"Winnipeg, MB","768,000",138,357,"5,565","2,149",1
692,Nigeria,Abeokuta,"766,000",104,269,"7,365","2,844",1
693,China,"Huaibei, AH","757,000",91,236,"8,319","3,212",2
694,Indonesia,Tasikmalaya,"754,000",24,62,"31,417","12,130",1
695,Mexico,Oaxaca,"750,000",84,218,"8,929","3,447",1
695,Iraq,Amara,"750,000",33,85,"22,727","8,775",1
697,China,"Akesu, XJ","749,000",106,275,"7,066","2,728",1
698,China,"Kashi, XJ","747,000",111,287,"6,730","2,598",1
698,China,"Deyang, SC","747,000",48,124,"15,563","6,009",1
700,Russia,Tolyatti,"746,000",136,352,"5,485","2,118",1
701,China,"Jinzhou, LN","745,000",55,142,"13,545","5,230",1
702,Venezuela,Barcelona,"741,000",49,127,"15,122","5,839",1
703,Canada,"Qu??bec, QC","739,000",171,443,"4,322","1,669",1
704,United States,"Dayton, OH","738,000",351,909,"2,103",812,2
704,India,"Mangalore, KA","738,000",60,155,"12,300","4,749",2
706,Morocco,Meknes,"737,000",35,91,"21,057","8,130",1
706,India,"Malegaon, MH","737,000",12,31,"61,417","23,714",2
708,Saudi Arabia,Khamis Mushayt,"736,000",227,588,"3,242","1,252",2
709,India,"Gaya, BR","735,000",13,34,"56,538","21,830",1
709,China,"Benxi, LN","735,000",33,85,"22,273","8,600",1
711,Pakistan,Sargodha,"733,000",25,65,"29,320","11,321",1
711,India,"Bhavnagar, GJ","733,000",25,65,"29,320","11,321",1
713,Ukraine,Zaporizhzhya,"732,000",115,298,"6,365","2,458",1
713,Turkey,Samsun,"732,000",38,98,"19,263","7,438",1
713,Netherlands,Utrecht,"732,000",121,313,"6,050","2,336",2
716,China,"Yangjiang, GD","731,000",74,192,"9,878","3,814",1
717,Indonesia,Balikpapan,"729,000",47,122,"15,511","5,989",1
717,Egypt,Port Said,"729,000",16,41,"45,563","17,592",1
717,India,"Muzaffarnagar, UP","729,000",11,28,"66,273","25,589",2
720,Brazil,Florianopolis,"728,000",72,186,"10,111","3,904",1
721,China,"Rizhao, SD","727,000",89,231,"8,169","3,154",1
722,United Kingdom,Newcastle upon Tyne,"726,000",70,181,"10,371","4,005",1
722,South Korea,Changwon,"726,000",44,114,"16,500","6,371",1
722,China,"Suzhou, AN","726,000",63,163,"11,524","4,450",1
725,United States,"Rochester, NY","724,000",324,839,"2,235",863,2
726,United States,"Tulsa, OK","720,000",336,870,"2,143",827,2
729,Brazil,Uberlandia,"718,000",79,205,"9,089","3,509",1
732,United States,"Fresno, CA","717,000",171,443,"4,193","1,619",2
732,China,"Ezhou, HUB","717,000",74,192,"9,689","3,741",1
732,China: Macau SAR,Macau,"717,000",10,26,"71,700","27,684",2
735,Angola,Huambo,"716,000",52,135,"13,769","5,317",1
736,Italy,Catania,"713,000",104,269,"6,856","2,647",1
737,Brazil,Londrina,"711,000",81,210,"8,778","3,389",1
738,Brazil,Ribeirao  Preto,"710,000",73,189,"9,726","3,755",1
739,North Korea,Hamhung,"708,000",24,62,"29,500","11,390",1
739,Algeria,Constantine,"708,000",50,129,"14,160","5,467",1
741,China,"Chuzhou, AH","704,000",99,256,"7,111","2,746",1
742,United States,"Allentown, PA-NJ","703,000",346,896,"2,032",785,2
742,China,"Suqian, JS","703,000",95,246,"7,400","2,857",1
744,South Korea,Cheongju,"702,000",40,104,"17,550","6,776",1
745,India,"Nanded Waghala, MH","699,000",17,44,"41,118","15,876",1
746,Philippines,Angeles City,"698,000",72,186,"9,694","3,743",1
746,India,"Akola, MH","698,000",20,52,"34,900","13,475",1
746,China,"Huzhou, ZJ","698,000",74,192,"9,432","3,642",1
749,China,"Huaihua, HUN","697,000",42,109,"16,595","6,408",1
750,China,"Tongliao, NM","696,000",75,194,"9,280","3,583",1
751,United Kingdom,Nottingham,"694,000",68,176,"10,206","3,941",1
751,Dominican Republic,Santiago,"694,000",29,75,"23,931","9,240",2
751,China,"Liaoyang, LN","694,000",52,135,"13,346","5,153",1
751,India,"Kayamkulam, KL","694,000",16,41,"43,375","16,748",2
755,Yemen,Al-Hudaydah,"693,000",19,49,"36,474","14,083",1
755,Thailand,Chiang Mai,"693,000",195,505,"3,554","1,372",1
757,China,"Yangquan, SAX","692,000",59,153,"11,729","4,529",1
758,Congo (Dem. Rep.),Tshikapa,"691,000",13,34,"53,154","20,524",2
758,Saudi Arabia,Hufuf-Mubarraz,"691,000",107,277,"6,458","2,494",1
758,China,"Huludao, LN","691,000",60,155,"11,517","4,447",1
761,Syria,Homs,"690,000",37,96,"18,649","7,201",1
762,Germany,Hannover,"689,000",112,290,"6,152","2,375",1
762,China,"Taizhou, JS","689,000",88,228,"7,830","3,023",1
762,India,"Tirupati, AP","689,000",23,60,"29,957","11,567",2
765,Russia,Tomsk,"687,000",117,303,"5,872","2,267",1
766,United States,"Cape Coral, FL","686,000",347,899,"1,977",763,2
766,Spain,Malaga,"686,000",52,135,"13,192","5,094",1
768,Iran,Yazd,"685,000",80,207,"8,563","3,306",1
769,China,"Korla, XJ","683,000",112,290,"6,098","2,355",1
770,Italy,Bergamo,"681,000",126,326,"5,405","2,087",1
771,United States,"Charleston, SC","680,000",293,759,"2,321",896,2
771,Iran,Zahedan,"680,000",36,93,"18,889","7,293",1
771,China,"Qingyuan, GD","680,000",65,168,"10,462","4,039",1
774,Nigeria,Akure,"679,000",46,119,"14,761","5,699",1
774,China,"Liuan, AN","679,000",68,176,"9,985","3,855",1
776,Poland,Krakow,"678,000",82,212,"8,268","3,193",1
777,Nigeria,Owerri,"676,000",77,199,"8,779","3,390",1
777,Mexico,Durango,"676,000",49,127,"13,796","5,327",1
777,China,"Jiamusi, HL","676,000",56,145,"12,071","4,661",1
780,China,"Wenling (Taizhou), ZJ","675,000",45,117,"15,000","5,792",1
781,China,"Liupanshui, GZ","674,000",38,98,"17,737","6,848",1
782,Congo (Dem. Rep.),Kananga,"673,000",28,73,"24,036","9,281",2
785,India,"Kurnool, AP","670,000",15,39,"44,667","17,246",
786,Russia,Novokuznetsk,"669,000",144,373,"4,646","1,794",
786,India,"Jhansi, UP","669,000",16,41,"41,813","16,144",2
788,Congo (Dem. Rep.),Butembo,"668,000",62,161,"10,774","4,160",2
788,United States,"Colorado Springs, CO","668,000",188,487,"3,553","1,372",2
790,Guinea-Bissau,Bissau,"667,000",30,78,"22,233","8,585",1
791,Argentina,Salta,"666,000",64,166,"10,406","4,018",1
791,China,"Anqing, AH","666,000",40,104,"16,650","6,429",1
793,Benin,Porto Novo,"663,000",39,101,"17,000","6,564",1
794,Poland,Poznan,"660,000",131,339,"5,038","1,945",1
795,Thailand,Nakhon Ratchasima,"657,000",103,267,"6,379","2,463",2
795,Germany,Nuremberg,"657,000",91,236,"7,220","2,788",1
795,China,"Yibin, SC","657,000",31,80,"21,194","8,183",1
798,Iraq,Sulaimaniya,"653,000",19,49,"34,368","13,270",1
799,Egypt,Tanta,"648,000",9,23,"72,000","27,800",1
800,India,"Kolhapur, MAH","646,000",24,62,"26,917","10,393",2
801,China,"Luzhou, SC","645,000",45,117,"14,333","5,534",1
802,Turkey,Eskisehir,"643,000",48,124,"13,396","5,172",1
802,China,"Liaocheng, SD","643,000",52,135,"12,365","4,774",1
802,United Kingdom,Belfast,"643,000",62,161,"10,371","4,004",2
805,Afghanistan,Kandahar,"642,000",25,65,"25,680","9,915",1
806,India,"Erode, TN","641,000",21,54,"30,524","11,786",1
807,United Kingdom,Sheffield,"640,000",65,168,"9,846","3,802",1
808,Turkey,Denizli,"638,000",40,104,"15,950","6,159",1
809,Spain,Zaragoza,"637,000",57,148,"11,175","4,315",1
810,Russia,Vladivostok,"636,000",134,347,"4,746","1,833",1
811,Spain,Las Palmas,"635,000",83,215,"7,651","2,954",1
811,China,"Xuchang, HEN","635,000",26,67,"24,423","9,430",1
813,Russia,Barnaul,"634,000",95,246,"6,674","2,577",1
813,Brazil,Maringa,"634,000",60,155,"10,567","4,080",1
815,China,"Shangqiu, HEN","633,000",73,189,"8,671","3,348",1
815,China,"Linfen, SAX","633,000",41,106,"15,439","5,961",1
817,Iran,Kerman,"632,000",59,153,"10,712","4,136",1
818,United States,"Grand Rapids, MI","630,000",281,728,"2,242",866,2
818,United States,"Baton Rouge, LA","630,000",367,951,"1,717",663,2
818,Croatia,Zagreb,"630,000",72,186,"8,750","3,379",1
818,India,"Tirunelveli, TN","630,000",29,75,"21,724","8,388",2
822,Tunisia,Sfax,"629,000",77,199,"8,169","3,154",1
822,Sweden,Goteborg,"629,000",83,215,"7,577","2,926",2
824,South Korea,Jeonju,"627,000",33,85,"19,000","7,336",1
824,Russia,Izhevsk,"627,000",112,290,"5,598","2,162",1
826,Switzerland,Geneva,"625,000",67,174,"9,328","3,602",1
827,Poland,Wroc?aw,"624,000",93,241,"6,710","2,591",2
827,China,"Puyang, HEN","624,000",46,119,"13,565","5,238",1
829,United States,"Springfield, MA-CT","623,000",349,904,"1,785",689,2
830,China,"Xinyu, JX","621,000",51,132,"12,176","4,702",1
831,China,"Panzhihua, SC","619,000",63,163,"9,825","3,794",1
831,China,"Cangzhou, HEB","619,000",52,135,"11,904","4,596",1
833,Mexico,Xalapa,"618,000",29,75,"21,310","8,228",1
833,China,"Dongsheng (Ordos), NM","618,000",40,104,"15,450","5,965",1
835,Peru,Chiclayo,"617,000",20,52,"30,850","11,912",1
836,United States,"Knoxville, TN","616,000",438,"1,134","1,406",543,2
836,United States,"Albany, NY","616,000",296,767,"2,081",804,2
836,Germany,Mannheim,"616,000",87,225,"7,080","2,734",1
840,China: Taiwan,Hsinchu,"615,000",37,96,"16,622","6,418",
842,Saudi Arabia,Tabuk,"613,000",75,194,"8,173","3,156",
843,Thailand,Rayong,"612,000",129,334,"4,744","1,832",2
843,Argentina,Mar del Plata,"612,000",55,142,"11,127","4,296",1
843,India,"Ujjain, MP","612,000",16,41,"38,250","14,769",2
843,Philippines,Bacolod,"612,000",32,83,"19,125","7,384",2
847,India,"Davanagere, KA","611,000",15,39,"40,733","15,728",1
848,United Kingdom,Bristol,"610,000",56,145,"10,893","4,206",1
849,China,"Zhumadian, HEN","609,000",53,137,"11,491","4,437",1
849,India,"Patiala, HR","609,000",35,91,"17,400","6,718",2
851,China,"Xiaogan, HUB","608,000",64,166,"9,500","3,668",1
852,China,"Yiyang, HUN","607,000",38,98,"15,974","6,168",1
852,China,"Yichun, JX","607,000",47,122,"12,915","4,987",1
852,China,"Sanmenxia, HEN-SAX","607,000",61,158,"9,951","3,842",1
855,Iran,Hamadan,"606,000",37,96,"16,378","6,324",2
855,India,"Mathura, UP","606,000",18,47,"33,667","12,999",2
857,Iraq,Karbala,"605,000",23,60,"26,304","10,157",1
857,China,"Dezhou, SD-HEN","605,000",103,267,"5,874","2,268",1
859,United States,"Columbia, SC","604,000",380,984,"1,589",614,2
859,North Korea,Chongjin,"604,000",20,52,"30,200","11,661",1
861,Cote d'Ivoire,Bouake,"603,000",36,93,"16,750","6,467",1
862,China,"Tianshui, GS","601,000",38,98,"15,816","6,107",1
863,Russia,Cheboksary,"600,000",79,205,"7,595","2,933",1
864,Mexico,Villahermosa,"599,000",44,114,"13,614","5,256",1
864,Gabon,Libreville,"599,000",73,189,"8,205","3,168",1
866,Mexico,Pachuca,"597,000",58,150,"10,293","3,974",1
867,South Sudan,Juba,"596,000",55,142,"10,836","4,184",1
867,Brazil,Feira de Santana,"596,000",49,127,"12,163","4,696",1
869,Russia,Yaroslavl,"595,000",112,290,"5,313","2,051",1
869,Colombia,Ibague,"595,000",18,47,"33,056","12,763",1
869,China,"Qujing, YN","595,000",57,148,"10,439","4,031",1
869,Bahrain,Al-Manamah,"595,000",150,388,"3,967","1,532",2
873,Colombia,Pereira,"594,000",17,44,"34,941","13,491",1
874,Russia,Astrakhan,"593,000",100,259,"5,930","2,290",1
874,Iran,Rasht,"593,000",24,62,"24,708","9,540",1
876,France,Nantes,"590,000",98,254,"6,020","2,325",1
877,India,"Udaipur, RJ","587,000",28,73,"20,964","8,095",2
878,China,"Gaomi (Weifang), SD","585,000",106,275,"5,519","2,131",1
878,Belarus,Gomel,"585,000",77,199,"7,597","2,933",2
878,India,"Jalgaon, MH","585,000",15,39,"39,000","15,058",2
878,India,"Vellore, TN","585,000",19,49,"30,789","11,888",2
878,Iran,Ardabil,"585,000",24,62,"24,375","9,412",2
883,India,"Ajmer, RJ","584,000",28,73,"20,857","8,053",1
884,Russia,Orenburg,"583,000",140,363,"4,164","1,608",1
885,Israel,Haifa,"581,000",58,150,"10,017","3,868",1
885,China,"Suining, SC","581,000",33,85,"17,606","6,798",1
885,Brazil,Joinville,"581,000",70,181,"8,300","3,205",1
888,Russia,Khabarovsk,"580,000",112,290,"5,179","2,000",1
889,China,"Beihai, GX","579,000",64,166,"9,047","3,493",1
889,India,"Imphal, MN","579,000",25,65,"23,160","8,942",2
891,Trinidad & Tobago,Port of Spain,"578,000",118,306,"4,898","1,891",1
891,Philippines,Iloilo City,"578,000",35,91,"16,514","6,376",1
891,China,"Songyuan, JL","578,000",64,166,"9,031","3,487",1
891,China,"Fuxin, LN","578,000",80,207,"7,225","2,790",1
895,United States,"Bakersfield, CA","576,000",138,357,"4,174","1,612",2
895,Germany,Leipzig,"576,000",98,254,"5,878","2,269",
898,Pakistan,Larkana,"574,000",12,31,"47,833","18,469",
898,Malaysia,Kuching,"574,000",70,181,"8,200","3,166",1
898,Indonesia,Cilegon,"574,000",47,122,"12,213","4,716",1
898,India,"Thoothukkudi, TN","574,000",50,129,"11,480","4,433",2
902,Viet Nam,Nha Trang,"572,000",51,132,"11,216","4,331",1
902,Viet Nam,Hue,"572,000",60,155,"9,533","3,681",1
902,China,"Dongming (Heze), SD","572,000",50,129,"11,440","4,417",1
905,China,"Chaoyang, LN","571,000",70,181,"8,157","3,150",1
906,Japan,Otsu,"569,000",85,220,"6,694","2,585",1
907,Turkey,Diyarbakir,"567,000",24,62,"23,625","9,122",1
907,Egypt,Suez,"567,000",33,85,"17,182","6,634",1
909,China,"Wuzhou, GX","566,000",46,119,"12,304","4,751",1
910,India,"Panipat, HR","564,000",25,65,"22,560","8,711",2
911,China,"Zigong, SC","563,000",35,91,"16,086","6,211",1
912,Zambia,Ndola,"562,000",42,109,"13,381","5,167",1
912,South Africa,East London,"562,000",99,256,"5,677","2,192",1
912,Germany,Bremen,"562,000",107,277,"5,252","2,028",1
912,India,"Rajahmundry, AP","562,000",21,54,"26,762","10,333",2
916,Japan,Mito,"559,000",129,334,"4,333","1,673",1
916,China,"Fuyang, AN","559,000",36,93,"15,528","5,996",1
918,Iran,Arak,"557,000",31,80,"17,968","6,938",1
918,China,"Yuyao (Ningbo), ZJ","557,000",54,140,"10,315","3,983",1
920,China,"Sanya, HA","556,000",59,153,"9,424","3,639",1
921,Congo (Dem. Rep.),Goma,"553,000",28,73,"19,750","7,626",2
921,Congo (Dem. Rep.),Kolwezi,"553,000",75,194,"7,373","2,847",2
923,China,"Hegang, HL","552,000",59,153,"9,356","3,612",1
923,China,"Binzhou, SD","552,000",82,212,"6,732","2,599",1
925,China,"Anqiu (Weifang), SD","551,000",36,93,"15,306","5,910",1
926,China,"Zhucheng (Weifang), SD","550,000",88,228,"6,250","2,413",1
926,China,"Siping, JL","550,000",41,106,"13,415","5,180",1
928,China,"Yulin, GX","549,000",45,117,"12,200","4,711",1
929,China,"Tongxiang (Jiaxing), ZJ","546,000",37,96,"14,757","5,698",1
929,China,"Hengshui, HEB","546,000",68,176,"8,029","3,100",1
931,Moldova,Chisinau,"545,000",76,197,"7,171","2,769",1
931,Lithuania,Vilnius,"545,000",108,280,"5,046","1,948",1
933,Pakistan,Sukkur,"544,000",18,47,"30,222","11,669",1
934,United Kingdom,Edinburgh,"542,000",46,120,"11,698","4,517",2
935,South Korea,Cheonan,"541,000",68,176,"7,956","3,072",1
935,Mexico,Matamoros,"541,000",52,135,"10,404","4,017",1
935,China,"Zhoukou, HEN","541,000",39,101,"13,872","5,356",1
938,Japan,Kanazawa,"540,000",70,181,"7,714","2,979",1
938,United States,"Des Moines, IA","540,000",201,521,"2,687","1,037",2
938,South Africa,Bloemfontein,"540,000",68,176,"7,941","3,066",1
938,Italy,Genoa,"540,000",30,78,"18,000","6,950",1
942,Japan,Shizuoka,"538,000",58,150,"9,276","3,582",1
942,China,"Zhoushan, ZJ","538,000",75,194,"7,173","2,770",1
942,China,"Pinghu (Jiaxing), ZJ","538,000",57,148,"9,439","3,644",1
945,Nigeria,Bauchi,"537,000",34,88,"15,794","6,098",1
946,Switzerland,Basel,"536,000",77,199,"6,961","2,688",2
946,China,"Heze, SD","536,000",81,210,"6,617","2,555",1
948,United States,"Boise, ID","535,000",134,347,"3,993","1,542",2
949,Canada,"Kitchener, ON","534,000",114,295,"4,684","1,809",1
950,Japan,Kumamoto,"533,000",68,176,"7,838","3,026",1
950,China,"Gongyi (Zhengzhou), HEN","533,000",50,129,"10,660","4,116",1
955,Philippines,General Santos,"529,000",36,93,"14,694","5,674",1
955,Iran,Bandar Abbas,"529,000",68,176,"7,779","3,004",1
957,Japan,Nagano,"528,000",121,313,"4,364","1,685",1
957,China,"Xinyang, HEN","528,000",72,186,"7,333","2,832",1
959,Russia,Stavropol,"527,000",90,233,"5,856","2,261",1
960,China,"Quzhou, ZJ","526,000",74,192,"7,108","2,745",1
961,United States,"Port St. Lucie, FL","523,000",208,539,"2,514",971,2
961,India,"Kakinada, AP","523,000",32,83,"16,344","6,311",1
963,United States,"Reno, NV-CA","521,000",164,425,"3,177","1,227",2
963,Iran,Varamin,"521,000",41,106,"12,707","4,906",1
963,Djibouti,Djibouti,"521,000",18,47,"28,944","11,176",1
966,Russia,Ryazan,"519,000",94,243,"5,521","2,132",1
966,Russia,Naberezhnye Tchelny,"519,000",85,220,"6,106","2,358",1
966,Brazil,Juiz de Fora,"519,000",36,93,"14,417","5,566",1
969,China,"Chenzhou, HUN","516,000",55,142,"9,382","3,622",1
969,United Kingdom,Brighton,"516,000",35,91,"14,743","5,692",2
971,Thailand,Phuket,"515,000",47,122,"10,957","4,231",1
971,China,"Tongling, AN","515,000",63,163,"8,175","3,156",1
973,Nigeria,Ogbomosho,"514,000",33,85,"15,576","6,014",1
973,China,"Longyan, FJ","514,000",46,119,"11,174","4,314",1
975,Germany,Aachen,"513,000",106,275,"4,840","1,869",1
975,China,"Yuncheng, SAX","513,000",76,197,"6,750","2,606",1
977,Namibia,Windhoek,"512,000",41,106,"12,488","4,822",1
978,Russia,Perm,"511,000",123,319,"4,154","1,604",2
978,China,"Heyuan, GD","511,000",76,197,"6,724","2,596",1
980,Argentina,Santa Fe,"509,000",45,117,"11,311","4,367",1
981,Iran,Dezful,"508,000",36,93,"14,111","5,449",1
982,United Kingdom,Bournemouth,"507,000",51,132,"9,941","3,838",2
983,Spain,Santa Cruz de Tenerife,"506,000",42,109,"12,048","4,652",1
984,Brazil,Macapa,"504,000",34,88,"14,824","5,724",1
985,Argentina,San Juan,"503,000",48,124,"10,479","4,046",1
986,United States,"Toledo, OH-MI","502,000",240,622,"2,092",808,2
986,Spain,Palma,"502,000",60,155,"8,367","3,230",1
986,China,"Shangyu (Shaoxing), ZJ","502,000",76,197,"6,605","2,550",1
989,Congo (Dem. Rep.),Kikwit,"501,000",22,57,"22,773","8,793",2
989,United Kingdom,Leicester,"501,000",42,109,"11,929","4,606",1
